####################################
# SETUP
####################################
CREATE DATABASE statements_digest;
USE statements_digest;
CREATE TABLE t1(a int);
CREATE TABLE t2(a int);
CREATE TABLE t3(a int, b int);
CREATE TABLE t4(a int, b int);
CREATE TABLE t5(a int, b int, c int);
CREATE TABLE t6(a int, b int, c int, d int);
CREATE TABLE t11 (c CHAR(4));
CREATE TABLE t12 (c CHAR(4));
SELECT * FROM performance_schema.setup_consumers;
NAME	ENABLED
events_stages_current	YES
events_stages_history	YES
events_stages_history_long	YES
events_statements_current	NO
events_statements_history	YES
events_statements_history_long	YES
events_waits_current	YES
events_waits_history	YES
events_waits_history_long	YES
global_instrumentation	YES
thread_instrumentation	YES
statements_digest	YES
TRUNCATE TABLE performance_schema.events_statements_summary_by_digest;
####################################
# EXECUTION
####################################
SELECT 1 FROM t1;
1
SELECT 1 FROM `t1`;
1
SELECT 1,2 FROM t1;
1	2
SELECT 1, 2, 3, 4 FROM t1;
1	2	3	4
SELECT 1 FROM t2;
1
SELECT 1,2 FROM t2;
1	2
SELECT 1, 2, 3, 4 FROM t2;
1	2	3	4
INSERT INTO t1 VALUES (1);
INSERT INTO t2 VALUES (1);
INSERT INTO t3 VALUES (1, 2);
INSERT INTO t4 VALUES (1, 2);
INSERT INTO t5 VALUES (1, 2, 3);
INSERT INTO t1 VALUES (1), (2), (3);
INSERT INTO t1 VALUES (1), (2), (3), (4);
INSERT INTO t3 VALUES (1, 2), (3, 4), (5, 6);
INSERT INTO t5 VALUES (1, 2, 3), (4, 5, 6), (7, 8, 9);
INSERT INTO t1 VALUES (NULL);
INSERT INTO t3 VALUES (NULL,NULL);
INSERT INTO t3 VALUES (1,NULL);
INSERT INTO t3 VALUES (NULL,1);
INSERT INTO t6 VALUES (NULL, NULL, NULL, NULL);
INSERT INTO t6 VALUES (1, NULL, NULL, NULL);
INSERT INTO t6 VALUES (NULL, 2, NULL, NULL);
INSERT INTO t6 VALUES (1, 2, 3, NULL);
INSERT INTO t6 VALUES (1, 2, NULL, 4);
SELECT                                          1           +        1;
1           +        1
2
SELECT 1;
1
1
SELECT 1 /* This is an inline comment */ + 1;
1 /* This is an inline comment */ + 1
2
SELECT 1+
/*
this is a
multiple-line comment
*/
1;
1+
/*
this is a
multiple-line comment
*/
1
2
CREATE SCHEMA statements_digest_temp;
DROP SCHEMA statements_digest_temp;
CREATE DATABASE statements_digest_temp;
DROP DATABASE statements_digest_temp;
SELECT 1 FROM no_such_table;
ERROR 42S02: Table 'statements_digest.no_such_table' doesn't exist
CREATE TABLE dup_table (c char(4));
CREATE TABLE dup_table (c char(4));
ERROR 42S01: Table 'dup_table' already exists
DROP TABLE dup_table;
INSERT INTO t11 VALUES("MySQL");
Warnings:
Warning	1265	Data truncated for column 'c' at row 1
PREPARE stmt FROM "SELECT * FROM t12";
EXECUTE stmt;
c
EXECUTE stmt;
c
DEALLOCATE PREPARE stmt;
CREATE PROCEDURE p1() BEGIN SELECT * FROM t12; END//
CALL p1();
c
CALL p1();
c
DROP PROCEDURE p1;
CREATE FUNCTION `func`(a INT, b INT) RETURNS int(11) RETURN a+b //
select func(3,4);
func(3,4)
7
select func(13,42);
func(13,42)
55
DROP FUNCTION func;
CREATE TRIGGER trg BEFORE INSERT ON t12 FOR EACH ROW SET @a:=1;
INSERT INTO t12 VALUES ("abc");
INSERT INTO t12 VALUES ("def");
DROP TRIGGER trg;
####################################
# QUERYING PS STATEMENT DIGEST
####################################
SELECT schema_name, digest, digest_text, count_star FROM performance_schema.events_statements_summary_by_digest;
schema_name	digest	digest_text	count_star
statements_digest	90f8b32f21a64395205654b1a6b18ec3	TRUNCATE TABLE performance_schema . events_statements_summary_by_digest 	1
statements_digest	1d3ae554ba4514d696f1981af52b5063	SELECT ? FROM t1 	1
statements_digest	1e53553908f1578da3d2c71a562c474b	SELECT ? FROM `t1` 	1
statements_digest	fa31f1953d62e263c633dd7991d92875	SELECT ?, ... FROM t1 	2
statements_digest	44dc8aca961f40339a6793c5a281574b	SELECT ? FROM t2 	1
statements_digest	ab57329ed53b7de2b1f25021d1f657b9	SELECT ?, ... FROM t2 	2
statements_digest	25b1a8961a59b2bc2fa43a0c0bc10329	INSERT INTO t1 VALUES (?) 	1
statements_digest	903ca897cd5c3beb4bb5d99b748dc6f0	INSERT INTO t2 VALUES (?) 	1
statements_digest	4d137e765e1ce0476047765846f26aea	INSERT INTO t3 VALUES (...) 	4
statements_digest	e1eb948c89cbed9fbe980179978e23df	INSERT INTO t4 VALUES (...) 	1
statements_digest	3b8ebee25b55f9cc6eca72a84879f5ed	INSERT INTO t5 VALUES (...) 	1
statements_digest	aafbb6bb6d9bed0a1a19e58a9c11eb2f	INSERT INTO t1 VALUES (?) /* , ... */ 	2
statements_digest	12b724e7cfbe1c5218113c7aff488d8c	INSERT INTO t3 VALUES (...) /* , ... */ 	1
statements_digest	5a9d1aa911b29edad9da4b486bc1e26c	INSERT INTO t5 VALUES (...) /* , ... */ 	1
statements_digest	736096f3f2bde6c0bdd1bd4ff25fe9dc	INSERT INTO t1 VALUES ( NULL ) 	1
statements_digest	9f548636b1e303fd3152e959c2e671dc	INSERT INTO t6 VALUES (...) 	5
statements_digest	3ecb5319e1d2c05c7c586da18f0eb421	SELECT ? + ? 	3
statements_digest	b7ef876789800d371ae8e8d08e257423	SELECT ? 	1
statements_digest	7c5b403e11cb8fa41954f8b81d47fb44	CREATE SCHEMA statements_digest_temp 	2
statements_digest	d5c2a9eedc964698407667a633301e69	DROP SCHEMA statements_digest_temp 	2
statements_digest	7ad73d4f2df448cc55a51692f542e56e	SELECT ? FROM no_such_table 	1
statements_digest	d8cf48f8a3e3e60aa58410cce94ddec5	CREATE TABLE dup_table ( c CHARACTER (?) ) 	2
statements_digest	7a6ef9e57735c05dd9ce71e6b6bfa19b	DROP TABLE dup_table 	1
statements_digest	cfbecac8ecd7acba1102fe2788d2c8d8	INSERT INTO t11 VALUES (?) 	1
statements_digest	d9dd94501d7fff685d41395190054a8f	SHOW WARNINGS 	1
statements_digest	29bfb785a298ce3875e5179a53fcd8e8	PREPARE stmt FROM ? 	1
statements_digest	e53b71815168ad954fd921a6ae1860c9	EXECUTE stmt 	2
statements_digest	82eac54b4efbc88459c8b5a8395db51e	DEALLOCATE PREPARE stmt 	1
statements_digest	fbf557b209b3db44a0d77221fe6d0139	CREATE PROCEDURE p1 ( ) BEGIN SELECT * FROM t12 ; END 	1
statements_digest	10298a45c9f7114e4985de53ca99bda7	CALL p1 ( ) 	2
statements_digest	367333f7984b4e5500043089e5cbebd1	DROP PROCEDURE p1 	1
statements_digest	e2ea22341cfc22e246f134add89b8e0c	CREATE FUNCTION `func` ( a INTEGER , b INTEGER ) RETURNS INTEGER (?) RETURN a + b 	1
statements_digest	a811b40a708bb2d9c5fe65d3330d04c1	SELECT func (...) 	2
statements_digest	88e7ac9784e4561d12fadccde6ea704a	DROP FUNCTION func 	1
statements_digest	fe3ae9fbe2d419a958143d5cba008abf	CREATE TRIGGER trg BEFORE INSERT ON t12 FOR EACH ROW SET @ ? := ? 	1
statements_digest	9d7b4b2a62b07418e35f9443569b09a7	INSERT INTO t12 VALUES (?) 	2
statements_digest	4770fa9cbb2840b6e758f291d1a23380	DROP TRIGGER trg 	1
SELECT digest, digest_text FROM performance_schema.events_statements_current;
digest	digest_text
####################################
# CLEANUP
####################################
DROP TABLE IF EXISTS t1;
DROP TABLE IF EXISTS t2;
DROP TABLE IF EXISTS t3;
DROP TABLE IF EXISTS t4;
DROP TABLE IF EXISTS t5;
DROP TABLE IF EXISTS t6;
DROP TABLE IF EXISTS t11;
DROP TABLE IF EXISTS t12;
DROP DATABASE IF EXISTS statements_digest;
