set global innodb_use_xa_resume=1;
ERROR HY000: Variable 'innodb_use_xa_resume' is a read only variable
drop table if exists t1;
create table t1(a int) engine=innodb;
xa start '111';
insert into t1 values(1);
xa end '111';
xa prepare '111';
xa recover;
formatID	gtrid_length	bqual_length	data
1	3	0	111
xa commit '111';
select * from t1;
a
1
drop table t1;
include/master-slave.inc
[connection master]
CREATE TABLE t(`a` INT) ENGINE=InnoDB;
xa start '111';
insert into t values(1);
xa end '111';
xa prepare '111';
xa recover;
formatID	gtrid_length	bqual_length	data
1	3	0	111
xa commit '111';
select * from t;
a
1
drop table t;
include/rpl_end.inc
